005930,삼성전자
373220,LG에너지솔루션
000660,SK하이닉스
207940,삼성바이오로직스
006400,삼성SDI
051910,LG화학
005380,현대차
000270,기아
035420,NAVER
005490,POSCO홀딩스
035720,카카오
003670,포스코퓨처엠
068270,셀트리온
012330,현대모비스
028260,삼성물산
105560,KB금융
066570,LG전자
055550,신한지주
096770,SK이노베이션
003550,LG
034730,SK
032830,삼성생명
086790,하나금융지주
015760,한국전력
033780,KT&G
009150,삼성전기
323410,카카오뱅크
034020,두산에너빌리티
010130,고려아연
017670,SK텔레콤
000810,삼성화재
011200,HMM
051900,LG생활건강
010950,S-Oil
259960,크래프톤
018260,삼성에스디에스
329180,현대중공업
009830,한화솔루션
352820,하이브
003490,대한항공
036570,엔씨소프트
316140,우리금융지주
030200,KT
090430,아모레퍼시픽
011170,롯데케미칼
024110,기업은행
138040,메리츠금융지주
377300,카카오페이
361610,SK아이이테크놀로지
251270,넷마블
011070,LG이노텍
086280,현대글로비스
028050,삼성엔지니어링
012450,한화에어로스페이스
302440,SK바이오사이언스
034220,LG디스플레이
009540,한국조선해양
402340,SK스퀘어
271560,오리온
383220,F&F
005830,DB손해보험
326030,SK바이오팜
047810,한국항공우주
032640,LG유플러스
097950,CJ제일제당
004020,현대제철
010140,삼성중공업
267250,HD현대
018880,한온시스템
241560,두산밥캣
000720,현대건설
035250,강원랜드
011790,SKC
161390,한국타이어앤테크놀로지
000100,유한양행
011780,금호석유
128940,한미약품
021240,코웨이
047050,포스코인터내셔널
006800,미래에셋증권
078930,GS
029780,삼성카드
000990,DB하이텍
020150,롯데에너지머티리얼즈
282330,BGF리테일
002790,아모레G
001040,CJ
008770,호텔신라
112610,씨에스윈드
007070,GS리테일
003410,쌍용C&E
004990,롯데지주
008930,한미사이언스
028670,팬오션
071050,한국금융지주
180640,한진칼
064350,현대로템
139480,이마트
005940,NH투자증권
001450,현대해상
016360,삼성증권
010620,현대미포조선
042660,대우조선해양
272210,한화시스템
052690,한전기술
039490,키움증권
006040,동원산업
006260,LS
014680,한솔케미칼
036460,한국가스공사
010060,OCI
004370,농심
023530,롯데쇼핑
137310,에스디바이오센서
030000,제일기획
204320,HL만도
336260,두산퓨얼셀
138930,BNK금융지주
081660,휠라홀딩스
004170,신세계
012750,에스원
088350,한화생명
111770,영원무역
002380,KCC
000880,한화
026960,동서
298050,효성첨단소재
001440,대한전선
298020,효성티앤씨
007310,오뚜기
000120,CJ대한통운
006360,GS건설
047040,대우건설
010120,LS ELECTRIC
175330,JB금융지주
079550,LIG넥스원
051600,한전KPS
000150,두산
000080,하이트진로
005300,롯데칠성
006280,녹십자
042670,현대두산인프라코어
011210,현대위아
004000,롯데정밀화학
093370,후성
005850,에스엘
004800,효성
014820,동원시스템즈
017800,현대엘리베이
285130,SK케미칼
069620,대웅제약
375500,DL이앤씨
114090,GKL
010780,아이에스동서
069960,현대백화점
120110,코오롱인더
001740,SK네트웍스
009240,한샘
001230,동국제강
139130,DGB금융지주
006650,대한유화
000240,한국앤컴퍼니
271940,일진하이솔루스
001120,LX인터내셔널
000210,DL
001800,오리온홀딩스
009420,한올바이오파마
103140,풍산
016380,KG스틸
009900,명신산업
000670,영풍
185750,종근당
178920,PI첨단소재
073240,금호타이어
280360,롯데제과
020560,아시아나항공
019170,신풍제약
032350,롯데관광개발
039130,하나투어
161890,한국콜마
300720,한일시멘트
192820,코스맥스
003090,대웅
069260,TKG휴켐스
192080,더블유게임즈
003240,태광산업
004490,세방전지
294870,HDC현대산업개발
005250,녹십자홀딩스
031430,신세계인터내셔날
005440,현대그린푸드
381970,케이카
001680,대상
020000,한섬
003850,보령
105630,한세실업
057050,현대홈쇼핑
284740,쿠쿠홈시스
013890,지누스
241590,화승엔터프라이즈
